{"cameraMode":{"drawMode":0,"name":"Shaded","section":"Shading Mode"},"sceneLighting":true,"audioPlay":false,"sceneViewState":{"m_AlwaysRefresh":false,"showFog":true,"showSkybox":true,"showFlares":true,"showImageEffects":true,"showParticleSystems":true,"showVisualEffectGraphs":true,"m_FxEnabled":true},"in2DMode":false,"pivot":{"x":3.408907175064087,"y":0.563423752784729,"z":0.5291994214057922},"rotation":{"x":0.053082551807165149,"y":0.9466320276260376,"z":-0.2364882081747055,"w":0.21248139441013337},"size":0.8660253882408142,"orthographic":true}