{"cameraMode":{"drawMode":0,"name":"Shaded","section":"Shading Mode"},"sceneLighting":false,"audioPlay":false,"sceneViewState":{"m_AlwaysRefresh":false,"showFog":true,"showSkybox":false,"showFlares":true,"showImageEffects":true,"showParticleSystems":true,"showVisualEffectGraphs":true,"m_FxEnabled":true},"in2DMode":false,"pivot":{"x":2.1169512271881105,"y":-1.1941442489624024,"z":0.325634241104126},"rotation":{"x":0.09736738353967667,"y":-0.8840264081954956,"z":0.40469470620155337,"w":0.21269157528877259},"size":3.145704507827759,"orthographic":false}